opcion_greedy,opcion_busqueda,cant_gim,cant_gim_mismo_costo,cant_poke,cap_mochila,tiempo_armado_grafo,tiempo_greedy,distancia_camino_greedy,tiempo_busqueda,Distancia,cant_mejoras,tiempo_swap,vecinos_prom
1,0,2,0,1,4,16945.000000,5913.000000,11.180340,12210.000000,11.180340,0,321.000000,0
1,0,2,0,1,4,16945.000000,3550.000000,11.180340,8958.000000,11.180340,0,221.000000,0
1,0,2,0,1,4,16945.000000,3113.000000,11.180340,8271.000000,11.180340,0,220.000000,0
1,0,2,0,1,4,16945.000000,2994.000000,11.180340,8240.000000,11.180340,0,174.000000,0
1,0,2,0,1,4,16945.000000,3100.000000,11.180340,8238.000000,11.180340,0,205.000000,0
1,0,2,0,1,4,16945.000000,2979.000000,11.180340,8028.000000,11.180340,0,155.000000,0
1,0,2,0,1,4,16945.000000,2960.000000,11.180340,8098.000000,11.180340,0,161.000000,0
1,0,2,0,1,4,16945.000000,2998.000000,11.180340,8058.000000,11.180340,0,162.000000,0
1,0,2,0,1,4,16945.000000,2944.000000,11.180340,8033.000000,11.180340,0,153.000000,0
1,0,2,0,1,4,16945.000000,2904.000000,11.180340,8024.000000,11.180340,0,163.000000,0
1,1,2,0,1,4,27358.000000,9834.000000,11.180340,23472.000000,11.180340,0,609.000000,0
1,1,2,0,1,4,27358.000000,7788.000000,11.180340,9249.000000,11.180340,0,293.000000,0
1,1,2,0,1,4,27358.000000,3591.000000,11.180340,8507.000000,11.180340,0,222.000000,0
1,1,2,0,1,4,27358.000000,3414.000000,11.180340,8409.000000,11.180340,0,182.000000,0
1,1,2,0,1,4,27358.000000,3155.000000,11.180340,8373.000000,11.180340,0,172.000000,0
1,1,2,0,1,4,27358.000000,3310.000000,11.180340,8336.000000,11.180340,0,173.000000,0
1,1,2,0,1,4,27358.000000,3359.000000,11.180340,8659.000000,11.180340,0,180.000000,0
1,1,2,0,1,4,27358.000000,3409.000000,11.180340,8409.000000,11.180340,0,177.000000,0
1,1,2,0,1,4,27358.000000,3270.000000,11.180340,8281.000000,11.180340,0,174.000000,0
1,1,2,0,1,4,27358.000000,3267.000000,11.180340,8303.000000,11.180340,0,181.000000,0
1,0,2,0,1,4,12752.000000,4512.000000,7.335087,11109.000000,7.335087,0,261.000000,0
1,0,2,0,1,4,12752.000000,3498.000000,7.335087,8331.000000,7.335087,0,227.000000,0
1,0,2,0,1,4,12752.000000,3054.000000,7.335087,7774.000000,7.335087,0,166.000000,0
1,0,2,0,1,4,12752.000000,2972.000000,7.335087,7708.000000,7.335087,0,157.000000,0
1,0,2,0,1,4,12752.000000,3125.000000,7.335087,7739.000000,7.335087,0,148.000000,0
1,0,2,0,1,4,12752.000000,2959.000000,7.335087,7589.000000,7.335087,0,159.000000,0
1,0,2,0,1,4,12752.000000,2923.000000,7.335087,7562.000000,7.335087,0,154.000000,0
1,0,2,0,1,4,12752.000000,2899.000000,7.335087,7565.000000,7.335087,0,154.000000,0
1,0,2,0,1,4,12752.000000,2928.000000,7.335087,7599.000000,7.335087,0,155.000000,0
1,0,2,0,1,4,12752.000000,2967.000000,7.335087,7529.000000,7.335087,0,156.000000,0
1,1,2,0,1,4,12303.000000,4485.000000,7.335087,10623.000000,7.335087,0,266.000000,0
1,1,2,0,1,4,12303.000000,3358.000000,7.335087,15539.000000,7.335087,0,7399.000000,0
1,1,2,0,1,4,12303.000000,3308.000000,7.335087,14986.000000,7.335087,0,202.000000,0
1,1,2,0,1,4,12303.000000,3113.000000,7.335087,14584.000000,7.335087,0,181.000000,0
1,1,2,0,1,4,12303.000000,3043.000000,7.335087,7574.000000,7.335087,0,155.000000,0
1,1,2,0,1,4,12303.000000,6700.000000,7.335087,16389.000000,7.335087,0,335.000000,0
1,1,2,0,1,4,12303.000000,6509.000000,7.335087,16384.000000,7.335087,0,356.000000,0
1,1,2,0,1,4,12303.000000,3129.000000,7.335087,8841.000000,7.335087,0,166.000000,0
1,1,2,0,1,4,12303.000000,4003.000000,7.335087,7709.000000,7.335087,0,159.000000,0
1,1,2,0,1,4,12303.000000,3061.000000,7.335087,7554.000000,7.335087,0,154.000000,0
1,0,2,0,1,4,28802.000000,10699.000000,9.486833,11646.000000,9.486833,0,311.000000,0
1,0,2,0,1,4,28802.000000,3490.000000,9.486833,8244.000000,9.486833,0,253.000000,0
1,0,2,0,1,4,28802.000000,3009.000000,9.486833,7579.000000,9.486833,0,179.000000,0
1,0,2,0,1,4,28802.000000,3083.000000,9.486833,7353.000000,9.486833,0,165.000000,0
1,0,2,0,1,4,28802.000000,2880.000000,9.486833,15026.000000,9.486833,0,160.000000,0
1,0,2,0,1,4,28802.000000,3006.000000,9.486833,7393.000000,9.486833,0,162.000000,0
1,0,2,0,1,4,28802.000000,2899.000000,9.486833,7248.000000,9.486833,0,163.000000,0
1,0,2,0,1,4,28802.000000,2835.000000,9.486833,7401.000000,9.486833,0,165.000000,0
1,0,2,0,1,4,28802.000000,2949.000000,9.486833,7227.000000,9.486833,0,163.000000,0
1,0,2,0,1,4,28802.000000,2817.000000,9.486833,7498.000000,9.486833,0,176.000000,0
1,1,2,0,1,4,27609.000000,9947.000000,9.486833,10545.000000,9.486833,0,271.000000,0
1,1,2,0,1,4,27609.000000,3445.000000,9.486833,15346.000000,9.486833,0,234.000000,0
1,1,2,0,1,4,27609.000000,3039.000000,9.486833,14592.000000,9.486833,0,226.000000,0
1,1,2,0,1,4,27609.000000,2936.000000,9.486833,14628.000000,9.486833,0,190.000000,0
1,1,2,0,1,4,27609.000000,3122.000000,9.486833,7442.000000,9.486833,0,166.000000,0
1,1,2,0,1,4,27609.000000,2879.000000,9.486833,7223.000000,9.486833,0,161.000000,0
1,1,2,0,1,4,27609.000000,2842.000000,9.486833,7399.000000,9.486833,0,167.000000,0
1,1,2,0,1,4,27609.000000,2830.000000,9.486833,7463.000000,9.486833,0,176.000000,0
1,1,2,0,1,4,27609.000000,2973.000000,9.486833,7501.000000,9.486833,0,169.000000,0
1,1,2,0,1,4,27609.000000,2881.000000,9.486833,7477.000000,9.486833,0,168.000000,0
1,0,2,0,1,4,27687.000000,10192.000000,16.015340,23187.000000,16.015340,0,607.000000,0
1,0,2,0,1,4,27687.000000,7805.000000,16.015340,17569.000000,16.015340,0,443.000000,0
1,0,2,0,1,4,27687.000000,6710.000000,16.015340,16793.000000,16.015340,0,368.000000,0
1,0,2,0,1,4,27687.000000,6625.000000,16.015340,16561.000000,16.015340,0,355.000000,0
1,0,2,0,1,4,27687.000000,6392.000000,16.015340,16532.000000,16.015340,0,354.000000,0
1,0,2,0,1,4,27687.000000,6419.000000,16.015340,7803.000000,16.015340,0,219.000000,0
1,0,2,0,1,4,27687.000000,6397.000000,16.015340,16381.000000,16.015340,0,366.000000,0
1,0,2,0,1,4,27687.000000,6384.000000,16.015340,16364.000000,16.015340,0,349.000000,0
1,0,2,0,1,4,27687.000000,6439.000000,16.015340,16394.000000,16.015340,0,346.000000,0
1,0,2,0,1,4,27687.000000,6146.000000,16.015340,16479.000000,16.015340,0,346.000000,0
1,1,2,0,1,4,27824.000000,9394.000000,16.015340,23277.000000,16.015340,0,634.000000,0
1,1,2,0,1,4,27824.000000,7120.000000,16.015340,17443.000000,16.015340,0,448.000000,0
1,1,2,0,1,4,27824.000000,6374.000000,16.015340,16412.000000,16.015340,0,408.000000,0
1,1,2,0,1,4,27824.000000,10412.000000,16.015340,15988.000000,16.015340,0,358.000000,0
1,1,2,0,1,4,27824.000000,5921.000000,16.015340,15917.000000,16.015340,0,328.000000,0
1,1,2,0,1,4,27824.000000,5828.000000,16.015340,21362.000000,16.015340,0,323.000000,0
1,1,2,0,1,4,27824.000000,2565.000000,16.015340,15740.000000,16.015340,0,335.000000,0
1,1,2,0,1,4,27824.000000,2607.000000,16.015340,6894.000000,16.015340,0,140.000000,0
1,1,2,0,1,4,27824.000000,2537.000000,16.015340,15618.000000,16.015340,0,311.000000,0
1,1,2,0,1,4,27824.000000,5730.000000,16.015340,15507.000000,16.015340,0,316.000000,0
1,0,2,0,1,4,17135.000000,5927.000000,12.123106,14293.000000,12.123106,0,363.000000,0
1,0,2,0,1,4,17135.000000,4617.000000,12.123106,10045.000000,12.123106,0,254.000000,0
1,0,2,0,1,4,17135.000000,3845.000000,12.123106,9255.000000,12.123106,0,207.000000,0
1,0,2,0,1,4,17135.000000,3726.000000,12.123106,9221.000000,12.123106,0,184.000000,0
1,0,2,0,1,4,17135.000000,3754.000000,12.123106,9458.000000,12.123106,0,224.000000,0
1,0,2,0,1,4,17135.000000,4067.000000,12.123106,9432.000000,12.123106,0,182.000000,0
1,0,2,0,1,4,17135.000000,3763.000000,12.123106,13857.000000,12.123106,0,285.000000,0
1,0,2,0,1,4,17135.000000,5503.000000,12.123106,13896.000000,12.123106,0,296.000000,0
1,0,2,0,1,4,17135.000000,5704.000000,12.123106,13774.000000,12.123106,0,288.000000,0
1,0,2,0,1,4,17135.000000,5744.000000,12.123106,14036.000000,12.123106,0,282.000000,0
1,1,2,0,1,4,25209.000000,8180.000000,12.123106,19782.000000,12.123106,0,529.000000,0
1,1,2,0,1,4,25209.000000,6456.000000,12.123106,15385.000000,12.123106,0,445.000000,0
1,1,2,0,1,4,25209.000000,5713.000000,12.123106,14463.000000,12.123106,0,291.000000,0
1,1,2,0,1,4,25209.000000,5472.000000,12.123106,14091.000000,12.123106,0,282.000000,0
1,1,2,0,1,4,25209.000000,5494.000000,12.123106,14151.000000,12.123106,0,274.000000,0
1,1,2,0,1,4,25209.000000,5703.000000,12.123106,13970.000000,12.123106,0,289.000000,0
1,1,2,0,1,4,25209.000000,5633.000000,12.123106,14046.000000,12.123106,0,297.000000,0
1,1,2,0,1,4,25209.000000,5109.000000,12.123106,11754.000000,12.123106,0,243.000000,0
1,1,2,0,1,4,25209.000000,4632.000000,12.123106,11459.000000,12.123106,0,230.000000,0
1,1,2,0,1,4,25209.000000,4588.000000,12.123106,11503.000000,12.123106,0,242.000000,0
1,0,3,1,2,4,37170.000000,18663.000000,15.631691,21793.000000,15.631691,0,1588.000000,1
1,0,3,1,2,4,37170.000000,7096.000000,15.631691,17080.000000,15.631691,0,1341.000000,1
1,0,3,1,2,4,37170.000000,6458.000000,15.631691,15894.000000,15.631691,0,1240.000000,1
1,0,3,1,2,4,37170.000000,5991.000000,15.631691,15578.000000,15.631691,0,1240.000000,1
1,0,3,1,2,4,37170.000000,5845.000000,15.631691,15257.000000,15.631691,0,1110.000000,1
1,0,3,1,2,4,37170.000000,5866.000000,15.631691,15099.000000,15.631691,0,1131.000000,1
1,0,3,1,2,4,37170.000000,5591.000000,15.631691,15188.000000,15.631691,0,1080.000000,1
1,0,3,1,2,4,37170.000000,5722.000000,15.631691,15246.000000,15.631691,0,1124.000000,1
1,0,3,1,2,4,37170.000000,5662.000000,15.631691,15079.000000,15.631691,0,1137.000000,1
1,0,3,1,2,4,37170.000000,5774.000000,15.631691,15124.000000,15.631691,0,1078.000000,1
1,1,3,1,2,4,36569.000000,12237.000000,15.631691,32680.000000,15.138088,1,3510.000000,2
1,1,3,1,2,4,36569.000000,10285.000000,15.631691,25387.000000,15.138088,1,2881.000000,2
1,1,3,1,2,4,36569.000000,9323.000000,15.631691,23534.000000,15.138088,1,2639.000000,2
1,1,3,1,2,4,36569.000000,8478.000000,15.631691,23399.000000,15.138088,1,2758.000000,2
1,1,3,1,2,4,36569.000000,8458.000000,15.631691,23255.000000,15.138088,1,2736.000000,2
1,1,3,1,2,4,36569.000000,8434.000000,15.631691,23076.000000,15.138088,1,2714.000000,2
1,1,3,1,2,4,36569.000000,8426.000000,15.631691,22949.000000,15.138088,1,2611.000000,2
1,1,3,1,2,4,36569.000000,8291.000000,15.631691,23204.000000,15.138088,1,2769.000000,2
1,1,3,1,2,4,36569.000000,8213.000000,15.631691,22791.000000,15.138088,1,2624.000000,2
1,1,3,1,2,4,36569.000000,8185.000000,15.631691,22828.000000,15.138088,1,2660.000000,2
1,0,3,1,2,4,37257.000000,12527.000000,27.749261,31472.000000,27.749261,0,2327.000000,1
1,0,3,1,2,4,37257.000000,10456.000000,27.749261,24750.000000,27.749261,0,1859.000000,1
1,0,3,1,2,4,37257.000000,9321.000000,27.749261,22826.000000,27.749261,0,1636.000000,1
1,0,3,1,2,4,37257.000000,9361.000000,27.749261,12993.000000,27.749261,0,946.000000,1
1,0,3,1,2,4,37257.000000,5160.000000,27.749261,12268.000000,27.749261,0,848.000000,1
1,0,3,1,2,4,37257.000000,4877.000000,27.749261,12066.000000,27.749261,0,854.000000,1
1,0,3,1,2,4,37257.000000,4691.000000,27.749261,11999.000000,27.749261,0,851.000000,1
1,0,3,1,2,4,37257.000000,4676.000000,27.749261,12116.000000,27.749261,0,897.000000,1
1,0,3,1,2,4,37257.000000,4989.000000,27.749261,13367.000000,27.749261,0,869.000000,1
1,0,3,1,2,4,37257.000000,4808.000000,27.749261,11836.000000,27.749261,0,846.000000,1
1,1,3,1,2,4,32999.000000,11006.000000,27.749261,26557.000000,27.749261,0,2103.000000,1
1,1,3,1,2,4,32999.000000,9249.000000,27.749261,20894.000000,27.749261,0,1746.000000,1
1,1,3,1,2,4,32999.000000,8116.000000,27.749261,19417.000000,27.749261,0,1549.000000,1
1,1,3,1,2,4,32999.000000,7733.000000,27.749261,19161.000000,27.749261,0,1423.000000,1
1,1,3,1,2,4,32999.000000,7566.000000,27.749261,19037.000000,27.749261,0,1449.000000,1
1,1,3,1,2,4,32999.000000,7616.000000,27.749261,18803.000000,27.749261,0,1401.000000,1
1,1,3,1,2,4,32999.000000,7765.000000,27.749261,18807.000000,27.749261,0,1464.000000,1
1,1,3,1,2,4,32999.000000,7573.000000,27.749261,18849.000000,27.749261,0,1470.000000,1
1,1,3,1,2,4,32999.000000,7626.000000,27.749261,18713.000000,27.749261,0,1343.000000,1
1,1,3,1,2,4,32999.000000,7468.000000,27.749261,18929.000000,27.749261,0,1461.000000,1
1,0,3,1,2,4,38425.000000,12403.000000,27.475986,32452.000000,25.029198,1,2907.000000,2
1,0,3,1,2,4,38425.000000,10484.000000,27.475986,25546.000000,25.029198,1,2686.000000,2
1,0,3,1,2,4,38425.000000,9699.000000,27.475986,23878.000000,25.029198,1,2340.000000,2
1,0,3,1,2,4,38425.000000,9185.000000,27.475986,23996.000000,25.029198,1,2225.000000,2
1,0,3,1,2,4,38425.000000,8882.000000,27.475986,23439.000000,25.029198,1,2302.000000,2
1,0,3,1,2,4,38425.000000,9005.000000,27.475986,23673.000000,25.029198,1,2220.000000,2
1,0,3,1,2,4,38425.000000,8827.000000,27.475986,23648.000000,25.029198,1,2187.000000,2
1,0,3,1,2,4,38425.000000,8792.000000,27.475986,23442.000000,25.029198,1,2203.000000,2
1,0,3,1,2,4,38425.000000,8714.000000,27.475986,23492.000000,25.029198,1,2232.000000,2
1,0,3,1,2,4,38425.000000,8785.000000,27.475986,23427.000000,25.029198,1,2205.000000,2
1,1,3,1,2,4,36919.000000,12385.000000,27.475986,31633.000000,27.475986,0,2242.000000,1
1,1,3,1,2,4,36919.000000,10539.000000,27.475986,24783.000000,27.475986,0,2042.000000,1
1,1,3,1,2,4,36919.000000,9654.000000,27.475986,23214.000000,27.475986,0,1816.000000,1
1,1,3,1,2,4,36919.000000,8838.000000,27.475986,22954.000000,27.475986,0,1711.000000,1
1,1,3,1,2,4,36919.000000,8902.000000,27.475986,22447.000000,27.475986,0,1584.000000,1
1,1,3,1,2,4,36919.000000,9037.000000,27.475986,22430.000000,27.475986,0,1621.000000,1
1,1,3,1,2,4,36919.000000,8637.000000,27.475986,22322.000000,27.475986,0,1692.000000,1
1,1,3,1,2,4,36919.000000,8689.000000,27.475986,21929.000000,27.475986,0,1586.000000,1
1,1,3,1,2,4,36919.000000,8731.000000,27.475986,22164.000000,27.475986,0,1573.000000,1
1,1,3,1,2,4,36919.000000,8808.000000,27.475986,22164.000000,27.475986,0,1681.000000,1
1,0,3,1,2,4,21908.000000,7175.000000,21.851763,18249.000000,21.851763,0,1353.000000,1
1,0,3,1,2,4,21908.000000,6253.000000,21.851763,15299.000000,21.851763,0,1052.000000,1
1,0,3,1,2,4,21908.000000,5148.000000,21.851763,13204.000000,21.851763,0,893.000000,1
1,0,3,1,2,4,21908.000000,4902.000000,21.851763,12906.000000,21.851763,0,891.000000,1
1,0,3,1,2,4,21908.000000,8652.000000,21.851763,23194.000000,21.851763,0,1786.000000,1
1,0,3,1,2,4,21908.000000,8332.000000,21.851763,22885.000000,21.851763,0,1626.000000,1
1,0,3,1,2,4,21908.000000,8393.000000,21.851763,23199.000000,21.851763,0,1541.000000,1
1,0,3,1,2,4,21908.000000,8424.000000,21.851763,22997.000000,21.851763,0,1530.000000,1
1,0,3,1,2,4,21908.000000,8429.000000,21.851763,22698.000000,21.851763,0,1506.000000,1
1,0,3,1,2,4,21908.000000,4945.000000,21.851763,13605.000000,21.851763,0,824.000000,1
1,1,3,1,2,4,37597.000000,12142.000000,21.851763,30996.000000,21.851763,0,2526.000000,1
1,1,3,1,2,4,37597.000000,9867.000000,21.851763,25585.000000,21.851763,0,1982.000000,1
1,1,3,1,2,4,37597.000000,9233.000000,21.851763,23863.000000,21.851763,0,1749.000000,1
1,1,3,1,2,4,37597.000000,8464.000000,21.851763,23257.000000,21.851763,0,1687.000000,1
1,1,3,1,2,4,37597.000000,8524.000000,21.851763,23181.000000,21.851763,0,1922.000000,1
1,1,3,1,2,4,37597.000000,8218.000000,21.851763,22705.000000,21.851763,0,1596.000000,1
1,1,3,1,2,4,37597.000000,8366.000000,21.851763,23041.000000,21.851763,0,1555.000000,1
1,1,3,1,2,4,37597.000000,8574.000000,21.851763,23125.000000,21.851763,0,1621.000000,1
1,1,3,1,2,4,37597.000000,8366.000000,21.851763,22718.000000,21.851763,0,1597.000000,1
1,1,3,1,2,4,37597.000000,8060.000000,21.851763,22798.000000,21.851763,0,1603.000000,1
1,0,3,1,2,4,36811.000000,12170.000000,36.877330,31841.000000,25.668057,1,2902.000000,2
1,0,3,1,2,4,36811.000000,10383.000000,36.877330,25757.000000,25.668057,1,2661.000000,2
1,0,3,1,2,4,36811.000000,9298.000000,36.877330,23572.000000,25.668057,1,2393.000000,2
1,0,3,1,2,4,36811.000000,8706.000000,36.877330,23339.000000,25.668057,1,2402.000000,2
1,0,3,1,2,4,36811.000000,8456.000000,36.877330,23021.000000,25.668057,1,2438.000000,2
1,0,3,1,2,4,36811.000000,8434.000000,36.877330,22695.000000,25.668057,1,2248.000000,2
1,0,3,1,2,4,36811.000000,8438.000000,36.877330,22731.000000,25.668057,1,2203.000000,2
1,0,3,1,2,4,36811.000000,8273.000000,36.877330,22683.000000,25.668057,1,2298.000000,2
1,0,3,1,2,4,36811.000000,8468.000000,36.877330,22823.000000,25.668057,1,2183.000000,2
1,0,3,1,2,4,36811.000000,8233.000000,36.877330,22543.000000,25.668057,1,2297.000000,2
1,1,3,1,2,4,36142.000000,12127.000000,36.877330,32048.000000,36.045674,1,3595.000000,2
1,1,3,1,2,4,36142.000000,10005.000000,36.877330,25481.000000,36.045674,1,3148.000000,2
1,1,3,1,2,4,36142.000000,9456.000000,36.877330,23870.000000,36.045674,1,2808.000000,2
1,1,3,1,2,4,36142.000000,8655.000000,36.877330,23520.000000,36.045674,1,2654.000000,2
1,1,3,1,2,4,36142.000000,8441.000000,36.877330,23089.000000,36.045674,1,2650.000000,2
1,1,3,1,2,4,36142.000000,8254.000000,36.877330,23302.000000,36.045674,1,2925.000000,2
1,1,3,1,2,4,36142.000000,8353.000000,36.877330,22898.000000,36.045674,1,2632.000000,2
1,1,3,1,2,4,36142.000000,8318.000000,36.877330,22886.000000,36.045674,1,2649.000000,2
1,1,3,1,2,4,36142.000000,8511.000000,36.877330,22888.000000,36.045674,1,2619.000000,2
1,1,3,1,2,4,36142.000000,8283.000000,36.877330,22793.000000,36.045674,1,2657.000000,2
1,0,4,1,3,4,46065.000000,15354.000000,29.263567,24854.000000,25.651456,1,5713.000000,6
1,0,4,1,3,4,46065.000000,8900.000000,29.263567,18260.000000,25.651456,1,4274.000000,6
1,0,4,1,3,4,46065.000000,6966.000000,29.263567,16728.000000,25.651456,1,3861.000000,6
1,0,4,1,3,4,46065.000000,6296.000000,29.263567,16686.000000,25.651456,1,3775.000000,6
1,0,4,1,3,4,46065.000000,6307.000000,29.263567,17279.000000,25.651456,1,3811.000000,6
1,0,4,1,3,4,46065.000000,6824.000000,29.263567,16036.000000,25.651456,1,3820.000000,6
1,0,4,1,3,4,46065.000000,5740.000000,29.263567,16074.000000,25.651456,1,3688.000000,6
1,0,4,1,3,4,46065.000000,6235.000000,29.263567,16085.000000,25.651456,1,3720.000000,6
1,0,4,1,3,4,46065.000000,5911.000000,29.263567,16233.000000,25.651456,1,3708.000000,6
1,0,4,1,3,4,46065.000000,6287.000000,29.263567,15932.000000,25.651456,1,3691.000000,6
1,1,4,1,3,4,31694.000000,9992.000000,29.263567,27393.000000,26.681182,2,7641.000000,8
1,1,4,1,3,4,31694.000000,8350.000000,29.263567,23436.000000,26.681182,2,7053.000000,8
1,1,4,1,3,4,31694.000000,7507.000000,29.263567,22380.000000,26.681182,2,6846.000000,8
1,1,4,1,3,4,31694.000000,7325.000000,29.263567,22031.000000,26.681182,2,6799.000000,8
1,1,4,1,3,4,31694.000000,7338.000000,29.263567,21962.000000,26.681182,2,6775.000000,8
1,1,4,1,3,4,31694.000000,7135.000000,29.263567,21920.000000,26.681182,2,6754.000000,8
1,1,4,1,3,4,31694.000000,7086.000000,29.263567,21895.000000,26.681182,2,6729.000000,8
1,1,4,1,3,4,31694.000000,7139.000000,29.263567,21807.000000,26.681182,2,6716.000000,8
1,1,4,1,3,4,31694.000000,7033.000000,29.263567,21975.000000,26.681182,2,6897.000000,8
1,1,4,1,3,4,31694.000000,7240.000000,29.263567,21933.000000,26.681182,2,6789.000000,8
1,0,4,1,3,4,46563.000000,14384.000000,24.555872,35031.000000,24.555872,0,4697.000000,3
1,0,4,1,3,4,46563.000000,12450.000000,24.555872,29914.000000,24.555872,0,4260.000000,3
1,0,4,1,3,4,46563.000000,11671.000000,24.555872,28242.000000,24.555872,0,3971.000000,3
1,0,4,1,3,4,46563.000000,11084.000000,24.555872,27754.000000,24.555872,0,3959.000000,3
1,0,4,1,3,4,46563.000000,11099.000000,24.555872,27731.000000,24.555872,0,3896.000000,3
1,0,4,1,3,4,46563.000000,10774.000000,24.555872,27686.000000,24.555872,0,3896.000000,3
1,0,4,1,3,4,46563.000000,11035.000000,24.555872,27779.000000,24.555872,0,3903.000000,3
1,0,4,1,3,4,46563.000000,10799.000000,24.555872,27481.000000,24.555872,0,3863.000000,3
1,0,4,1,3,4,46563.000000,10596.000000,24.555872,27794.000000,24.555872,0,3859.000000,3
1,0,4,1,3,4,46563.000000,10859.000000,24.555872,27488.000000,24.555872,0,3871.000000,3
1,1,4,1,3,4,44256.000000,13776.000000,24.555872,33059.000000,24.555872,0,4803.000000,3
1,1,4,1,3,4,44256.000000,11786.000000,24.555872,27684.000000,24.555872,0,4327.000000,3
1,1,4,1,3,4,44256.000000,10449.000000,24.555872,26136.000000,24.555872,0,4116.000000,3
1,1,4,1,3,4,44256.000000,10461.000000,24.555872,25817.000000,24.555872,0,4114.000000,3
1,1,4,1,3,4,44256.000000,10153.000000,24.555872,26035.000000,24.555872,0,4079.000000,3
1,1,4,1,3,4,44256.000000,10175.000000,24.555872,25374.000000,24.555872,0,4049.000000,3
1,1,4,1,3,4,44256.000000,10217.000000,24.555872,25870.000000,24.555872,0,4052.000000,3
1,1,4,1,3,4,44256.000000,9960.000000,24.555872,25396.000000,24.555872,0,4027.000000,3
1,1,4,1,3,4,44256.000000,10098.000000,24.555872,25680.000000,24.555872,0,4029.000000,3
1,1,4,1,3,4,44256.000000,10120.000000,24.555872,25334.000000,24.555872,0,4042.000000,3
1,0,4,1,3,4,47631.000000,14548.000000,38.301748,34306.000000,36.850044,1,5549.000000,4
1,0,4,1,3,4,47631.000000,12230.000000,38.301748,28463.000000,36.850044,1,4844.000000,4
1,0,4,1,3,4,47631.000000,10985.000000,38.301748,26702.000000,36.850044,1,4670.000000,4
1,0,4,1,3,4,47631.000000,10508.000000,38.301748,26610.000000,36.850044,1,4512.000000,4
1,0,4,1,3,4,47631.000000,10230.000000,38.301748,25983.000000,36.850044,1,4477.000000,4
1,0,4,1,3,4,47631.000000,10053.000000,38.301748,25938.000000,36.850044,1,4422.000000,4
1,0,4,1,3,4,47631.000000,10037.000000,38.301748,15812.000000,36.850044,1,2677.000000,4
1,0,4,1,3,4,47631.000000,6160.000000,38.301748,15423.000000,36.850044,1,2658.000000,4
1,0,4,1,3,4,47631.000000,5903.000000,38.301748,15302.000000,36.850044,1,2627.000000,4
1,0,4,1,3,4,47631.000000,5739.000000,38.301748,15321.000000,36.850044,1,2744.000000,4
1,1,4,1,3,4,27382.000000,8364.000000,38.301748,20825.000000,36.511937,1,3866.000000,4
1,1,4,1,3,4,27382.000000,7063.000000,38.301748,17082.000000,36.511937,1,3438.000000,4
1,1,4,1,3,4,27382.000000,6227.000000,38.301748,16315.000000,36.511937,1,3234.000000,4
1,1,4,1,3,4,27382.000000,6209.000000,38.301748,16097.000000,36.511937,1,3251.000000,4
1,1,4,1,3,4,27382.000000,6111.000000,38.301748,15840.000000,36.511937,1,3194.000000,4
1,1,4,1,3,4,27382.000000,5881.000000,38.301748,16089.000000,36.511937,1,3273.000000,4
1,1,4,1,3,4,27382.000000,6017.000000,38.301748,15977.000000,36.511937,1,3214.000000,4
1,1,4,1,3,4,27382.000000,5974.000000,38.301748,15853.000000,36.511937,1,3213.000000,4
1,1,4,1,3,4,27382.000000,5927.000000,38.301748,15839.000000,36.511937,1,3168.000000,4
1,1,4,1,3,4,27382.000000,6068.000000,38.301748,15924.000000,36.511937,1,3202.000000,4
1,0,4,1,3,4,69965.000000,8505.000000,35.487300,35637.000000,33.704697,1,6347.000000,5
1,0,4,1,3,4,69965.000000,11874.000000,35.487300,29350.000000,33.704697,1,5825.000000,5
1,0,4,1,3,4,69965.000000,11007.000000,35.487300,28068.000000,33.704697,1,5583.000000,5
1,0,4,1,3,4,69965.000000,10656.000000,35.487300,27258.000000,33.704697,1,5400.000000,5
1,0,4,1,3,4,69965.000000,10558.000000,35.487300,26995.000000,33.704697,1,5399.000000,5
1,0,4,1,3,4,69965.000000,10355.000000,35.487300,27416.000000,33.704697,1,5391.000000,5
1,0,4,1,3,4,69965.000000,10280.000000,35.487300,27140.000000,33.704697,1,5358.000000,5
1,0,4,1,3,4,69965.000000,10280.000000,35.487300,26935.000000,33.704697,1,5389.000000,5
1,0,4,1,3,4,69965.000000,10468.000000,35.487300,26829.000000,33.704697,1,5388.000000,5
1,0,4,1,3,4,69965.000000,10268.000000,35.487300,27013.000000,33.704697,1,5337.000000,5
1,1,4,1,3,4,26579.000000,8644.000000,35.487300,23638.000000,34.509428,2,6606.000000,8
1,1,4,1,3,4,26579.000000,7200.000000,35.487300,20059.000000,34.509428,2,5881.000000,8
1,1,4,1,3,4,26579.000000,6696.000000,35.487300,19044.000000,34.509428,2,5766.000000,8
1,1,4,1,3,4,26579.000000,6357.000000,35.487300,18773.000000,34.509428,2,5731.000000,8
1,1,4,1,3,4,26579.000000,6180.000000,35.487300,18710.000000,34.509428,2,5755.000000,8
1,1,4,1,3,4,26579.000000,6159.000000,35.487300,18721.000000,34.509428,2,5768.000000,8
1,1,4,1,3,4,26579.000000,6075.000000,35.487300,18559.000000,34.509428,2,5705.000000,8
1,1,4,1,3,4,26579.000000,6211.000000,35.487300,18660.000000,34.509428,2,5752.000000,8
1,1,4,1,3,4,26579.000000,6092.000000,35.487300,18617.000000,34.509428,2,5759.000000,8
1,1,4,1,3,4,26579.000000,6173.000000,35.487300,18667.000000,34.509428,2,5727.000000,8
1,0,4,1,3,4,46947.000000,14925.000000,36.569201,41180.000000,30.324908,2,8432.000000,7
1,0,4,1,3,4,46947.000000,12066.000000,36.569201,31591.000000,30.324908,2,7682.000000,7
1,0,4,1,3,4,46947.000000,10746.000000,36.569201,29831.000000,30.324908,2,7392.000000,7
1,0,4,1,3,4,46947.000000,10153.000000,36.569201,29303.000000,30.324908,2,7433.000000,7
1,0,4,1,3,4,46947.000000,10213.000000,36.569201,29220.000000,30.324908,2,7557.000000,7
1,0,4,1,3,4,46947.000000,10418.000000,36.569201,29633.000000,30.324908,2,7424.000000,7
1,0,4,1,3,4,46947.000000,9967.000000,36.569201,29240.000000,30.324908,2,7325.000000,7
1,0,4,1,3,4,46947.000000,9889.000000,36.569201,28952.000000,30.324908,2,7304.000000,7
1,0,4,1,3,4,46947.000000,9837.000000,36.569201,29092.000000,30.324908,2,7284.000000,7
1,0,4,1,3,4,46947.000000,10029.000000,36.569201,29052.000000,30.324908,2,7307.000000,7
1,1,4,1,3,4,45238.000000,14410.000000,36.569201,37887.000000,35.626372,1,8869.000000,6
1,1,4,1,3,4,45238.000000,12342.000000,36.569201,31270.000000,35.626372,1,7667.000000,6
1,1,4,1,3,4,45238.000000,10860.000000,36.569201,30082.000000,35.626372,1,7469.000000,6
1,1,4,1,3,4,45238.000000,10731.000000,36.569201,29431.000000,35.626372,1,7472.000000,6
1,1,4,1,3,4,45238.000000,10213.000000,36.569201,29139.000000,35.626372,1,7355.000000,6
1,1,4,1,3,4,45238.000000,10438.000000,36.569201,29297.000000,35.626372,1,7542.000000,6
1,1,4,1,3,4,45238.000000,10290.000000,36.569201,29032.000000,35.626372,1,7353.000000,6
1,1,4,1,3,4,45238.000000,10434.000000,36.569201,29215.000000,35.626372,1,7405.000000,6
1,1,4,1,3,4,45238.000000,10160.000000,36.569201,29228.000000,35.626372,1,7477.000000,6
1,1,4,1,3,4,45238.000000,10360.000000,36.569201,29358.000000,35.626372,1,7424.000000,6
1,0,5,1,3,4,49056.000000,14908.000000,46.571934,36511.000000,39.390137,2,7357.000000,6
1,0,5,1,3,4,49056.000000,13190.000000,46.571934,30964.000000,39.390137,2,6544.000000,6
1,0,5,1,3,4,49056.000000,11729.000000,46.571934,29629.000000,39.390137,2,6515.000000,6
1,0,5,1,3,4,49056.000000,11378.000000,46.571934,29753.000000,39.390137,2,6372.000000,6
1,0,5,1,3,4,49056.000000,11240.000000,46.571934,28925.000000,39.390137,2,6466.000000,6
1,0,5,1,3,4,49056.000000,10812.000000,46.571934,28766.000000,39.390137,2,6377.000000,6
1,0,5,1,3,4,49056.000000,10791.000000,46.571934,28631.000000,39.390137,2,6266.000000,6
1,0,5,1,3,4,49056.000000,10672.000000,46.571934,28658.000000,39.390137,2,6227.000000,6
1,0,5,1,3,4,49056.000000,10689.000000,46.571934,28814.000000,39.390137,2,6307.000000,6
1,0,5,1,3,4,49056.000000,11388.000000,46.571934,12968.000000,39.390137,2,2808.000000,6
1,1,5,1,3,4,50357.000000,14783.000000,46.571934,52144.000000,35.854159,3,22574.000000,18
1,1,5,1,3,4,50357.000000,13099.000000,46.571934,45562.000000,35.854159,3,21072.000000,18
1,1,5,1,3,4,50357.000000,11673.000000,46.571934,44020.000000,35.854159,3,20787.000000,18
1,1,5,1,3,4,50357.000000,11227.000000,46.571934,43645.000000,35.854159,3,20729.000000,18
1,1,5,1,3,4,50357.000000,11015.000000,46.571934,20768.000000,35.854159,3,9634.000000,18
1,1,5,1,3,4,50357.000000,6542.000000,46.571934,24811.000000,35.854159,3,11344.000000,18
1,1,5,1,3,4,50357.000000,6108.000000,46.571934,33361.000000,35.854159,3,11388.000000,18
1,1,5,1,3,4,50357.000000,6432.000000,46.571934,24274.000000,35.854159,3,11467.000000,18
1,1,5,1,3,4,50357.000000,6398.000000,46.571934,24202.000000,35.854159,3,11300.000000,18
1,1,5,1,3,4,50357.000000,11035.000000,46.571934,43133.000000,35.854159,3,20654.000000,18
1,0,5,1,3,4,22902.000000,7259.000000,35.318428,16348.000000,30.963850,1,3013.000000,5
1,0,5,1,3,4,22902.000000,5700.000000,35.318428,21062.000000,30.963850,1,10046.000000,5
1,0,5,1,3,4,22902.000000,5216.000000,35.318428,19979.000000,30.963850,1,2623.000000,5
1,0,5,1,3,4,22902.000000,5152.000000,35.318428,19925.000000,30.963850,1,2582.000000,5
1,0,5,1,3,4,22902.000000,5010.000000,35.318428,19765.000000,30.963850,1,2593.000000,5
1,0,5,1,3,4,22902.000000,4899.000000,35.318428,19668.000000,30.963850,1,2550.000000,5
1,0,5,1,3,4,22902.000000,4840.000000,35.318428,20758.000000,30.963850,1,2738.000000,5
1,0,5,1,3,4,22902.000000,5094.000000,35.318428,12850.000000,30.963850,1,2653.000000,5
1,0,5,1,3,4,22902.000000,5013.000000,35.318428,12882.000000,30.963850,1,2646.000000,5
1,0,5,1,3,4,22902.000000,5067.000000,35.318428,12789.000000,30.963850,1,2658.000000,5
1,1,5,1,3,4,54308.000000,14868.000000,35.318428,37263.000000,35.318428,0,7940.000000,6
1,1,5,1,3,4,54308.000000,13631.000000,35.318428,31854.000000,35.318428,0,7491.000000,6
1,1,5,1,3,4,54308.000000,11892.000000,35.318428,30177.000000,35.318428,0,7048.000000,6
1,1,5,1,3,4,54308.000000,11787.000000,35.318428,29533.000000,35.318428,0,6960.000000,6
1,1,5,1,3,4,54308.000000,11651.000000,35.318428,29352.000000,35.318428,0,6875.000000,6
1,1,5,1,3,4,54308.000000,11293.000000,35.318428,29120.000000,35.318428,0,6911.000000,6
1,1,5,1,3,4,54308.000000,11578.000000,35.318428,29919.000000,35.318428,0,6913.000000,6
1,1,5,1,3,4,54308.000000,11866.000000,35.318428,29120.000000,35.318428,0,6873.000000,6
1,1,5,1,3,4,54308.000000,11455.000000,35.318428,29022.000000,35.318428,0,6898.000000,6
1,1,5,1,3,4,54308.000000,11573.000000,35.318428,28981.000000,35.318428,0,6893.000000,6
1,0,5,1,3,4,22221.000000,6906.000000,31.070933,16784.000000,31.070933,0,2266.000000,3
1,0,5,1,3,4,22221.000000,5794.000000,31.070933,12594.000000,31.070933,0,1985.000000,3
1,0,5,1,3,4,22221.000000,5218.000000,31.070933,19348.000000,31.070933,0,1859.000000,3
1,0,5,1,3,4,22221.000000,4975.000000,31.070933,19025.000000,31.070933,0,1839.000000,3
1,0,5,1,3,4,22221.000000,5004.000000,31.070933,19023.000000,31.070933,0,1834.000000,3
1,0,5,1,3,4,22221.000000,4894.000000,31.070933,19117.000000,31.070933,0,9088.000000,3
1,0,5,1,3,4,22221.000000,4844.000000,31.070933,11985.000000,31.070933,0,1890.000000,3
1,0,5,1,3,4,22221.000000,4989.000000,31.070933,12008.000000,31.070933,0,1886.000000,3
1,0,5,1,3,4,22221.000000,4956.000000,31.070933,11999.000000,31.070933,0,1885.000000,3
1,0,5,1,3,4,22221.000000,5010.000000,31.070933,11925.000000,31.070933,0,1900.000000,3
1,1,5,1,3,4,52321.000000,15462.000000,31.070933,46954.000000,25.579831,1,13125.000000,10
1,1,5,1,3,4,52321.000000,13515.000000,31.070933,37278.000000,25.579831,1,12131.000000,10
1,1,5,1,3,4,52321.000000,12377.000000,31.070933,42664.000000,25.579831,1,22006.000000,10
1,1,5,1,3,4,52321.000000,6814.000000,31.070933,19375.000000,25.579831,1,6448.000000,10
1,1,5,1,3,4,52321.000000,6817.000000,31.070933,19155.000000,25.579831,1,6400.000000,10
1,1,5,1,3,4,52321.000000,6430.000000,31.070933,19099.000000,25.579831,1,6520.000000,10
1,1,5,1,3,4,52321.000000,6529.000000,31.070933,20167.000000,25.579831,1,6590.000000,10
1,1,5,1,3,4,52321.000000,6694.000000,31.070933,34987.000000,25.579831,1,11814.000000,10
1,1,5,1,3,4,52321.000000,11373.000000,31.070933,34629.000000,25.579831,1,11812.000000,10
1,1,5,1,3,4,52321.000000,11290.000000,31.070933,34763.000000,25.579831,1,11766.000000,10
1,0,5,1,3,4,49563.000000,15988.000000,52.330882,35294.000000,52.330882,0,5152.000000,3
1,0,5,1,3,4,49563.000000,13586.000000,52.330882,28897.000000,52.330882,0,4440.000000,3
1,0,5,1,3,4,49563.000000,12120.000000,52.330882,27020.000000,52.330882,0,4232.000000,3
1,0,5,1,3,4,49563.000000,11375.000000,52.330882,26842.000000,52.330882,0,4332.000000,3
1,0,5,1,3,4,49563.000000,11448.000000,52.330882,26526.000000,52.330882,0,4107.000000,3
1,0,5,1,3,4,49563.000000,11378.000000,52.330882,26163.000000,52.330882,0,4107.000000,3
1,0,5,1,3,4,49563.000000,11258.000000,52.330882,26424.000000,52.330882,0,4082.000000,3
1,0,5,1,3,4,49563.000000,11380.000000,52.330882,26128.000000,52.330882,0,4140.000000,3
1,0,5,1,3,4,49563.000000,11268.000000,52.330882,26276.000000,52.330882,0,4172.000000,3
1,0,5,1,3,4,49563.000000,5477.000000,52.330882,12452.000000,52.330882,0,1945.000000,3
1,1,5,1,3,4,48495.000000,15262.000000,52.330882,58019.000000,32.904129,3,24663.000000,20
1,1,5,1,3,4,48495.000000,13212.000000,52.330882,48240.000000,32.904129,3,23093.000000,20
1,1,5,1,3,4,48495.000000,12157.000000,52.330882,46975.000000,32.904129,3,23057.000000,20
1,1,5,1,3,4,48495.000000,11513.000000,52.330882,46103.000000,32.904129,3,22802.000000,20
1,1,5,1,3,4,48495.000000,11305.000000,52.330882,45627.000000,32.904129,3,22760.000000,20
1,1,5,1,3,4,48495.000000,11292.000000,52.330882,45835.000000,32.904129,3,22735.000000,20
1,1,5,1,3,4,48495.000000,11235.000000,52.330882,46544.000000,32.904129,3,22738.000000,20
1,1,5,1,3,4,48495.000000,11378.000000,52.330882,21818.000000,32.904129,3,10811.000000,20
1,1,5,1,3,4,48495.000000,11192.000000,52.330882,21501.000000,32.904129,3,10676.000000,20
1,1,5,1,3,4,48495.000000,5150.000000,52.330882,21587.000000,32.904129,3,10716.000000,20
1,0,5,1,3,4,22249.000000,6829.000000,37.413704,16012.000000,29.365325,1,2612.000000,4
1,0,5,1,3,4,22249.000000,5868.000000,37.413704,13264.000000,29.365325,1,2326.000000,4
1,0,5,1,3,4,22249.000000,5302.000000,37.413704,12626.000000,29.365325,1,2222.000000,4
1,0,5,1,3,4,22249.000000,5135.000000,37.413704,12466.000000,29.365325,1,2203.000000,4
1,0,5,1,3,4,22249.000000,5011.000000,37.413704,12343.000000,29.365325,1,2161.000000,4
1,0,5,1,3,4,22249.000000,4879.000000,37.413704,12222.000000,29.365325,1,2152.000000,4
1,0,5,1,3,4,22249.000000,4868.000000,37.413704,12271.000000,29.365325,1,2173.000000,4
1,0,5,1,3,4,22249.000000,4879.000000,37.413704,12255.000000,29.365325,1,2168.000000,4
1,0,5,1,3,4,22249.000000,4911.000000,37.413704,12190.000000,29.365325,1,2156.000000,4
1,0,5,1,3,4,22249.000000,4970.000000,37.413704,12319.000000,29.365325,1,2177.000000,4
1,1,5,1,3,4,27874.000000,8910.000000,37.413704,49247.000000,31.538270,2,20220.000000,16
1,1,5,1,3,4,27874.000000,12618.000000,37.413704,42280.000000,31.538270,2,18432.000000,16
1,1,5,1,3,4,27874.000000,11160.000000,37.413704,18563.000000,31.538270,2,8252.000000,16
1,1,5,1,3,4,27874.000000,4839.000000,37.413704,26133.000000,31.538270,2,8648.000000,16
1,1,5,1,3,4,27874.000000,4831.000000,37.413704,18322.000000,31.538270,2,8280.000000,16
1,1,5,1,3,4,27874.000000,10238.000000,37.413704,40297.000000,31.538270,2,18203.000000,16
1,1,5,1,3,4,27874.000000,10160.000000,37.413704,18079.000000,31.538270,2,8250.000000,16
1,1,5,1,3,4,27874.000000,12321.000000,37.413704,27926.000000,31.538270,2,8236.000000,16
1,1,5,1,3,4,27874.000000,10656.000000,37.413704,40009.000000,31.538270,2,17958.000000,16
1,1,5,1,3,4,27874.000000,10193.000000,37.413704,39811.000000,31.538270,2,18150.000000,16
1,0,6,1,4,4,27185.000000,8968.000000,61.708118,20291.000000,59.532355,1,4622.000000,8
1,0,6,1,4,4,27185.000000,6729.000000,61.708118,17749.000000,59.532355,1,4325.000000,8
1,0,6,1,4,4,27185.000000,6633.000000,61.708118,17078.000000,59.532355,1,4277.000000,8
1,0,6,1,4,4,27185.000000,6231.000000,61.708118,16902.000000,59.532355,1,4140.000000,8
1,0,6,1,4,4,27185.000000,6147.000000,61.708118,16389.000000,59.532355,1,4195.000000,8
1,0,6,1,4,4,27185.000000,6021.000000,61.708118,38789.000000,59.532355,1,9487.000000,8
1,0,6,1,4,4,27185.000000,14455.000000,61.708118,37410.000000,59.532355,1,9509.000000,8
1,0,6,1,4,4,27185.000000,13608.000000,61.708118,37857.000000,59.532355,1,9526.000000,8
1,0,6,1,4,4,27185.000000,13598.000000,61.708118,36752.000000,59.532355,1,9403.000000,8
1,0,6,1,4,4,27185.000000,13339.000000,61.708118,37349.000000,59.532355,1,9504.000000,8
1,1,6,1,4,4,57751.000000,18058.000000,61.708118,63692.000000,53.119802,4,28775.000000,22
1,1,6,1,4,4,57751.000000,15281.000000,61.708118,58189.000000,53.119802,4,27529.000000,22
1,1,6,1,4,4,57751.000000,15099.000000,61.708118,57368.000000,53.119802,4,27323.000000,22
1,1,6,1,4,4,57751.000000,14091.000000,61.708118,56711.000000,53.119802,4,27094.000000,22
1,1,6,1,4,4,57751.000000,14012.000000,61.708118,55794.000000,53.119802,4,26948.000000,22
1,1,6,1,4,4,57751.000000,13905.000000,61.708118,55561.000000,53.119802,4,26989.000000,22
1,1,6,1,4,4,57751.000000,14093.000000,61.708118,55747.000000,53.119802,4,26936.000000,22
1,1,6,1,4,4,57751.000000,14084.000000,61.708118,55443.000000,53.119802,4,26723.000000,22
1,1,6,1,4,4,57751.000000,13886.000000,61.708118,55340.000000,53.119802,4,26928.000000,22
1,1,6,1,4,4,57751.000000,13953.000000,61.708118,54852.000000,53.119802,4,26794.000000,22
1,0,6,1,4,4,60011.000000,17777.000000,79.488066,50523.000000,70.507694,3,15989.000000,14
1,0,6,1,4,4,60011.000000,15338.000000,79.488066,46010.000000,70.507694,3,15227.000000,14
1,0,6,1,4,4,60011.000000,14858.000000,79.488066,44902.000000,70.507694,3,14980.000000,14
1,0,6,1,4,4,60011.000000,13964.000000,79.488066,43153.000000,70.507694,3,15319.000000,14
1,0,6,1,4,4,60011.000000,13505.000000,79.488066,43619.000000,70.507694,3,14979.000000,14
1,0,6,1,4,4,60011.000000,13690.000000,79.488066,43735.000000,70.507694,3,14775.000000,14
1,0,6,1,4,4,60011.000000,13751.000000,79.488066,43627.000000,70.507694,3,14941.000000,14
1,0,6,1,4,4,60011.000000,13362.000000,79.488066,42865.000000,70.507694,3,15141.000000,14
1,0,6,1,4,4,60011.000000,13333.000000,79.488066,43209.000000,70.507694,3,14933.000000,14
1,0,6,1,4,4,60011.000000,13590.000000,79.488066,43865.000000,70.507694,3,14890.000000,14
1,1,6,1,4,4,37758.000000,12916.000000,79.488066,36083.000000,77.553252,2,14340.000000,20
1,1,6,1,4,4,37758.000000,9221.000000,79.488066,32030.000000,77.553252,2,13594.000000,20
1,1,6,1,4,4,37758.000000,9787.000000,79.488066,29618.000000,77.553252,2,13190.000000,20
1,1,6,1,4,4,37758.000000,14224.000000,79.488066,51880.000000,77.553252,2,23924.000000,20
1,1,6,1,4,4,37758.000000,13628.000000,79.488066,51969.000000,77.553252,2,23846.000000,20
1,1,6,1,4,4,37758.000000,14067.000000,79.488066,52597.000000,77.553252,2,23705.000000,20
1,1,6,1,4,4,37758.000000,13903.000000,79.488066,51973.000000,77.553252,2,23660.000000,20
1,1,6,1,4,4,37758.000000,13725.000000,79.488066,51216.000000,77.553252,2,23644.000000,20
1,1,6,1,4,4,37758.000000,13598.000000,79.488066,52409.000000,77.553252,2,23747.000000,20
1,1,6,1,4,4,37758.000000,13955.000000,79.488066,52680.000000,77.553252,2,23921.000000,20
1,0,6,1,4,4,27752.000000,8313.000000,81.294280,26415.000000,54.636927,3,10491.000000,20
1,0,6,1,4,4,27752.000000,6814.000000,81.294280,23693.000000,54.636927,3,10079.000000,20
1,0,6,1,4,4,27752.000000,6668.000000,81.294280,30511.000000,54.636927,3,9962.000000,20
1,0,6,1,4,4,27752.000000,6396.000000,81.294280,22860.000000,54.636927,3,9833.000000,20
1,0,6,1,4,4,27752.000000,6305.000000,81.294280,23294.000000,54.636927,3,10097.000000,20
1,0,6,1,4,4,27752.000000,6372.000000,81.294280,23126.000000,54.636927,3,9969.000000,20
1,0,6,1,4,4,27752.000000,6293.000000,81.294280,23519.000000,54.636927,3,10162.000000,20
1,0,6,1,4,4,27752.000000,6227.000000,81.294280,23250.000000,54.636927,3,10111.000000,20
1,0,6,1,4,4,27752.000000,6235.000000,81.294280,23198.000000,54.636927,3,9995.000000,20
1,0,6,1,4,4,27752.000000,6256.000000,81.294280,23207.000000,54.636927,3,10137.000000,20
1,1,6,1,4,4,59584.000000,18591.000000,81.294280,56916.000000,69.599210,2,22300.000000,17
1,1,6,1,4,4,59584.000000,14955.000000,81.294280,52154.000000,69.599210,2,21275.000000,17
1,1,6,1,4,4,59584.000000,14656.000000,81.294280,50184.000000,69.599210,2,21104.000000,17
1,1,6,1,4,4,59584.000000,14079.000000,81.294280,49984.000000,69.599210,2,20912.000000,17
1,1,6,1,4,4,59584.000000,13741.000000,81.294280,49112.000000,69.599210,2,20657.000000,17
1,1,6,1,4,4,59584.000000,13786.000000,81.294280,49245.000000,69.599210,2,20668.000000,17
1,1,6,1,4,4,59584.000000,13663.000000,81.294280,49295.000000,69.599210,2,20375.000000,17
1,1,6,1,4,4,59584.000000,13527.000000,81.294280,49773.000000,69.599210,2,20601.000000,17
1,1,6,1,4,4,59584.000000,6525.000000,81.294280,22628.000000,69.599210,2,9548.000000,17
1,1,6,1,4,4,59584.000000,6178.000000,81.294280,22565.000000,69.599210,2,9616.000000,17
1,0,6,1,4,4,26388.000000,7950.000000,68.637466,19333.000000,56.671289,1,4177.000000,7
1,0,6,1,4,4,26388.000000,6642.000000,68.637466,17167.000000,56.671289,1,3979.000000,7
1,0,6,1,4,4,26388.000000,6244.000000,68.637466,16629.000000,56.671289,1,3921.000000,7
1,0,6,1,4,4,26388.000000,6063.000000,68.637466,15943.000000,56.671289,1,3804.000000,7
1,0,6,1,4,4,26388.000000,6036.000000,68.637466,16173.000000,56.671289,1,3776.000000,7
1,0,6,1,4,4,26388.000000,6079.000000,68.637466,15763.000000,56.671289,1,3798.000000,7
1,0,6,1,4,4,26388.000000,5849.000000,68.637466,16476.000000,56.671289,1,3869.000000,7
1,0,6,1,4,4,26388.000000,6116.000000,68.637466,16771.000000,56.671289,1,3967.000000,7
1,0,6,1,4,4,26388.000000,6174.000000,68.637466,16909.000000,56.671289,1,3908.000000,7
1,0,6,1,4,4,26388.000000,6190.000000,68.637466,16882.000000,56.671289,1,3908.000000,7
1,1,6,1,4,4,35402.000000,10766.000000,68.637466,41023.000000,46.883638,3,18789.000000,31
1,1,6,1,4,4,35402.000000,8189.000000,68.637466,38271.000000,46.883638,3,20051.000000,31
1,1,6,1,4,4,35402.000000,8290.000000,68.637466,66179.000000,46.883638,3,36064.000000,31
1,1,6,1,4,4,35402.000000,14113.000000,68.637466,65233.000000,46.883638,3,35826.000000,31
1,1,6,1,4,4,35402.000000,13613.000000,68.637466,64461.000000,46.883638,3,35834.000000,31
1,1,6,1,4,4,35402.000000,14099.000000,68.637466,65060.000000,46.883638,3,35920.000000,31
1,1,6,1,4,4,35402.000000,13933.000000,68.637466,64433.000000,46.883638,3,35845.000000,31
1,1,6,1,4,4,35402.000000,13666.000000,68.637466,63215.000000,46.883638,3,35715.000000,31
1,1,6,1,4,4,35402.000000,13542.000000,68.637466,64063.000000,46.883638,3,35813.000000,31
1,1,6,1,4,4,35402.000000,13743.000000,68.637466,64481.000000,46.883638,3,35824.000000,31
1,0,6,1,4,4,60424.000000,18909.000000,63.448761,45428.000000,61.836205,1,10355.000000,8
1,0,6,1,4,4,60424.000000,14890.000000,63.448761,40462.000000,61.836205,1,9799.000000,8
1,0,6,1,4,4,60424.000000,14633.000000,63.448761,38430.000000,61.836205,1,9577.000000,8
1,0,6,1,4,4,60424.000000,14051.000000,63.448761,38571.000000,61.836205,1,9534.000000,8
1,0,6,1,4,4,60424.000000,13926.000000,63.448761,37927.000000,61.836205,1,9448.000000,8
1,0,6,1,4,4,60424.000000,13610.000000,63.448761,36586.000000,61.836205,1,8896.000000,8
1,0,6,1,4,4,60424.000000,13303.000000,63.448761,35985.000000,61.836205,1,8841.000000,8
1,0,6,1,4,4,60424.000000,12880.000000,63.448761,35630.000000,61.836205,1,8810.000000,8
1,0,6,1,4,4,60424.000000,12790.000000,63.448761,35659.000000,61.836205,1,8848.000000,8
1,0,6,1,4,4,60424.000000,12721.000000,63.448761,35662.000000,61.836205,1,8844.000000,8
1,1,6,1,4,4,60354.000000,18504.000000,63.448761,60793.000000,59.542361,3,26132.000000,20
1,1,6,1,4,4,60354.000000,15241.000000,63.448761,55764.000000,59.542361,3,24828.000000,20
1,1,6,1,4,4,60354.000000,14690.000000,63.448761,54739.000000,59.542361,3,24702.000000,20
1,1,6,1,4,4,60354.000000,14610.000000,63.448761,54299.000000,59.542361,3,24667.000000,20
1,1,6,1,4,4,60354.000000,14054.000000,63.448761,53251.000000,59.542361,3,24401.000000,20
1,1,6,1,4,4,60354.000000,13928.000000,63.448761,52933.000000,59.542361,3,24470.000000,20
1,1,6,1,4,4,60354.000000,13994.000000,63.448761,53626.000000,59.542361,3,24445.000000,20
1,1,6,1,4,4,60354.000000,13926.000000,63.448761,53273.000000,59.542361,3,24574.000000,20
1,1,6,1,4,4,60354.000000,13800.000000,63.448761,52627.000000,59.542361,3,24478.000000,20
1,1,6,1,4,4,60354.000000,13728.000000,63.448761,52892.000000,59.542361,3,24395.000000,20
1,0,7,1,5,4,37579.000000,13046.000000,97.643720,36019.000000,91.251406,2,14176.000000,20
1,0,7,1,5,4,37579.000000,14022.000000,97.643720,42389.000000,91.251406,2,17951.000000,20
1,0,7,1,5,4,37579.000000,12735.000000,97.643720,40950.000000,91.251406,2,17861.000000,20
1,0,7,1,5,4,37579.000000,12623.000000,97.643720,40557.000000,91.251406,2,17664.000000,20
1,0,7,1,5,4,37579.000000,12716.000000,97.643720,40962.000000,91.251406,2,17875.000000,20
1,0,7,1,5,4,37579.000000,12525.000000,97.643720,32222.000000,91.251406,2,13820.000000,20
1,0,7,1,5,4,37579.000000,9922.000000,97.643720,30051.000000,91.251406,2,13051.000000,20
1,0,7,1,5,4,37579.000000,9229.000000,97.643720,29570.000000,91.251406,2,12917.000000,20
1,0,7,1,5,4,37579.000000,9933.000000,97.643720,29435.000000,91.251406,2,13078.000000,20
1,0,7,1,5,4,37579.000000,9159.000000,97.643720,29645.000000,91.251406,2,12902.000000,20
1,1,7,1,5,4,52460.000000,15939.000000,97.643720,71310.000000,91.005758,4,44376.000000,47
1,1,7,1,5,4,52460.000000,13390.000000,97.643720,67959.000000,91.005758,4,43984.000000,47
1,1,7,1,5,4,52460.000000,12421.000000,97.643720,66642.000000,91.005758,4,43737.000000,47
1,1,7,1,5,4,52460.000000,12280.000000,97.643720,65955.000000,91.005758,4,43428.000000,47
1,1,7,1,5,4,52460.000000,12194.000000,97.643720,66214.000000,91.005758,4,43622.000000,47
1,1,7,1,5,4,52460.000000,11941.000000,97.643720,66268.000000,91.005758,4,43628.000000,47
1,1,7,1,5,4,52460.000000,11914.000000,97.643720,66197.000000,91.005758,4,43772.000000,47
1,1,7,1,5,4,52460.000000,11737.000000,97.643720,66360.000000,91.005758,4,43581.000000,47
1,1,7,1,5,4,52460.000000,12005.000000,97.643720,65615.000000,91.005758,4,43413.000000,47
1,1,7,1,5,4,52460.000000,12054.000000,97.643720,65558.000000,91.005758,4,43016.000000,47
1,0,7,1,5,4,61398.000000,19243.000000,107.746528,56779.000000,99.142868,2,23327.000000,21
1,0,7,1,5,4,61398.000000,16363.000000,107.746528,53118.000000,99.142868,2,22869.000000,21
1,0,7,1,5,4,61398.000000,15426.000000,107.746528,51306.000000,99.142868,2,22747.000000,21
1,0,7,1,5,4,61398.000000,15208.000000,107.746528,50816.000000,99.142868,2,22859.000000,21
1,0,7,1,5,4,61398.000000,15039.000000,107.746528,50280.000000,99.142868,2,22692.000000,21
1,0,7,1,5,4,61398.000000,14842.000000,107.746528,50517.000000,99.142868,2,22592.000000,21
1,0,7,1,5,4,61398.000000,14723.000000,107.746528,54614.000000,99.142868,2,24095.000000,21
1,0,7,1,5,4,61398.000000,15830.000000,107.746528,53626.000000,99.142868,2,24094.000000,21
1,0,7,1,5,4,61398.000000,15722.000000,107.746528,53885.000000,99.142868,2,23955.000000,21
1,0,7,1,5,4,61398.000000,15527.000000,107.746528,53895.000000,99.142868,2,23946.000000,21
1,1,7,1,5,4,73328.000000,20390.000000,107.746528,108391.000000,76.437722,8,71707.000000,57
1,1,7,1,5,4,73328.000000,17506.000000,107.746528,102775.000000,76.437722,8,70170.000000,57
1,1,7,1,5,4,73328.000000,16938.000000,107.746528,101970.000000,76.437722,8,70218.000000,57
1,1,7,1,5,4,73328.000000,16484.000000,107.746528,100902.000000,76.437722,8,70224.000000,57
1,1,7,1,5,4,73328.000000,16176.000000,107.746528,101062.000000,76.437722,8,70323.000000,57
1,1,7,1,5,4,73328.000000,15801.000000,107.746528,100826.000000,76.437722,8,69786.000000,57
1,1,7,1,5,4,73328.000000,15848.000000,107.746528,100589.000000,76.437722,8,70025.000000,57
1,1,7,1,5,4,73328.000000,15931.000000,107.746528,100691.000000,76.437722,8,69781.000000,57
1,1,7,1,5,4,73328.000000,15938.000000,107.746528,102661.000000,76.437722,8,71149.000000,57
1,1,7,1,5,4,73328.000000,9126.000000,107.746528,55649.000000,76.437722,8,38490.000000,57
1,0,7,1,5,4,70336.000000,21290.000000,116.855595,77846.000000,85.687830,5,41822.000000,37
1,0,7,1,5,4,70336.000000,17763.000000,116.855595,72969.000000,85.687830,5,40605.000000,37
1,0,7,1,5,4,70336.000000,16892.000000,116.855595,71223.000000,85.687830,5,40606.000000,37
1,0,7,1,5,4,70336.000000,16298.000000,116.855595,70967.000000,85.687830,5,40731.000000,37
1,0,7,1,5,4,70336.000000,16091.000000,116.855595,69968.000000,85.687830,5,40283.000000,37
1,0,7,1,5,4,70336.000000,15980.000000,116.855595,70264.000000,85.687830,5,40796.000000,37
1,0,7,1,5,4,70336.000000,36922.000000,116.855595,70546.000000,85.687830,5,40357.000000,37
1,0,7,1,5,4,70336.000000,15845.000000,116.855595,76706.000000,85.687830,5,47021.000000,37
1,0,7,1,5,4,70336.000000,15363.000000,116.855595,77559.000000,85.687830,5,48355.000000,37
1,0,7,1,5,4,70336.000000,14706.000000,116.855595,76666.000000,85.687830,5,48054.000000,37
1,1,7,1,5,4,64172.000000,19266.000000,116.855595,84728.000000,108.517866,3,50935.000000,45
1,1,7,1,5,4,64172.000000,16816.000000,116.855595,79779.000000,108.517866,3,49487.000000,45
1,1,7,1,5,4,64172.000000,15816.000000,116.855595,78353.000000,108.517866,3,49702.000000,45
1,1,7,1,5,4,64172.000000,15209.000000,116.855595,78294.000000,108.517866,3,49367.000000,45
1,1,7,1,5,4,64172.000000,15654.000000,116.855595,76984.000000,108.517866,3,48926.000000,45
1,1,7,1,5,4,64172.000000,15204.000000,116.855595,77488.000000,108.517866,3,49378.000000,45
1,1,7,1,5,4,64172.000000,14989.000000,116.855595,77416.000000,108.517866,3,49231.000000,45
1,1,7,1,5,4,64172.000000,14843.000000,116.855595,77163.000000,108.517866,3,49038.000000,45
1,1,7,1,5,4,64172.000000,15289.000000,116.855595,77773.000000,108.517866,3,49424.000000,45
1,1,7,1,5,4,64172.000000,15067.000000,116.855595,77619.000000,108.517866,3,49521.000000,45
1,0,7,1,5,4,69806.000000,21270.000000,116.102486,67500.000000,86.486784,4,31540.000000,28
1,0,7,1,5,4,69806.000000,18366.000000,116.102486,62652.000000,86.486784,4,30097.000000,28
1,0,7,1,5,4,69806.000000,17314.000000,116.102486,60838.000000,86.486784,4,30207.000000,28
1,0,7,1,5,4,69806.000000,16572.000000,116.102486,60425.000000,86.486784,4,30012.000000,28
1,0,7,1,5,4,69806.000000,16369.000000,116.102486,60415.000000,86.486784,4,30352.000000,28
1,0,7,1,5,4,69806.000000,16374.000000,116.102486,59928.000000,86.486784,4,29641.000000,28
1,0,7,1,5,4,69806.000000,16136.000000,116.102486,60068.000000,86.486784,4,29998.000000,28
1,0,7,1,5,4,69806.000000,16517.000000,116.102486,60149.000000,86.486784,4,29940.000000,28
1,0,7,1,5,4,69806.000000,16442.000000,116.102486,59545.000000,86.486784,4,30048.000000,28
1,0,7,1,5,4,69806.000000,16570.000000,116.102486,60226.000000,86.486784,4,29903.000000,28
1,1,7,1,5,4,69209.000000,20914.000000,116.102486,99353.000000,102.890752,4,63200.000000,52
1,1,7,1,5,4,69209.000000,17597.000000,116.102486,94142.000000,102.890752,4,61941.000000,52
1,1,7,1,5,4,69209.000000,16768.000000,116.102486,92074.000000,102.890752,4,61574.000000,52
1,1,7,1,5,4,69209.000000,16477.000000,116.102486,108208.000000,102.890752,4,76714.000000,52
1,1,7,1,5,4,69209.000000,14811.000000,116.102486,92483.000000,102.890752,4,65439.000000,52
1,1,7,1,5,4,69209.000000,13514.000000,116.102486,93553.000000,102.890752,4,66668.000000,52
1,1,7,1,5,4,69209.000000,13448.000000,116.102486,94984.000000,102.890752,4,68328.000000,52
1,1,7,1,5,4,69209.000000,13428.000000,116.102486,95431.000000,102.890752,4,68196.000000,52
1,1,7,1,5,4,69209.000000,13674.000000,116.102486,94303.000000,102.890752,4,67962.000000,52
1,1,7,1,5,4,69209.000000,13324.000000,116.102486,94806.000000,102.890752,4,67909.000000,52
1,0,7,1,5,4,56840.000000,17014.000000,106.408885,79211.000000,100.027562,6,45775.000000,48
1,0,7,1,5,4,56840.000000,14615.000000,106.408885,72348.000000,100.027562,6,44885.000000,48
1,0,7,1,5,4,56840.000000,14109.000000,106.408885,70832.000000,100.027562,6,44903.000000,48
1,0,7,1,5,4,56840.000000,13453.000000,106.408885,70682.000000,100.027562,6,45027.000000,48
1,0,7,1,5,4,56840.000000,13424.000000,106.408885,70155.000000,100.027562,6,44912.000000,48
1,0,7,1,5,4,56840.000000,13475.000000,106.408885,70280.000000,100.027562,6,44815.000000,48
1,0,7,1,5,4,56840.000000,13304.000000,106.408885,70171.000000,100.027562,6,44839.000000,48
1,0,7,1,5,4,56840.000000,13374.000000,106.408885,70202.000000,100.027562,6,44858.000000,48
1,0,7,1,5,4,56840.000000,13346.000000,106.408885,69659.000000,100.027562,6,44489.000000,48
1,0,7,1,5,4,56840.000000,13239.000000,106.408885,69759.000000,100.027562,6,44682.000000,48
1,1,7,1,5,4,64637.000000,19144.000000,106.408885,104379.000000,92.516461,6,70758.000000,61
1,1,7,1,5,4,64637.000000,16485.000000,106.408885,99852.000000,92.516461,6,69630.000000,61
1,1,7,1,5,4,64637.000000,15473.000000,106.408885,97974.000000,92.516461,6,69317.000000,61
1,1,7,1,5,4,64637.000000,15006.000000,106.408885,97503.000000,92.516461,6,68865.000000,61
1,1,7,1,5,4,64637.000000,15025.000000,106.408885,97484.000000,92.516461,6,69130.000000,61
1,1,7,1,5,4,64637.000000,14664.000000,106.408885,97545.000000,92.516461,6,69347.000000,61
1,1,7,1,5,4,64637.000000,14456.000000,106.408885,104398.000000,92.516461,6,73472.000000,61
1,1,7,1,5,4,64637.000000,15940.000000,106.408885,103901.000000,92.516461,6,73583.000000,61
1,1,7,1,5,4,64637.000000,15640.000000,106.408885,103625.000000,92.516461,6,73747.000000,61
1,1,7,1,5,4,64637.000000,15655.000000,106.408885,103781.000000,92.516461,6,73876.000000,61
1,0,8,1,5,4,45510.000000,14301.000000,137.223358,31802.000000,120.632605,3,10424.000000,14
1,0,8,1,5,4,45510.000000,11329.000000,137.223358,27956.000000,120.632605,3,8879.000000,14
1,0,8,1,5,4,45510.000000,11247.000000,137.223358,26237.000000,120.632605,3,8764.000000,14
1,0,8,1,5,4,45510.000000,12420.000000,137.223358,32552.000000,120.632605,3,10973.000000,14
1,0,8,1,5,4,45510.000000,12249.000000,137.223358,32302.000000,120.632605,3,10894.000000,14
1,0,8,1,5,4,45510.000000,12377.000000,137.223358,32665.000000,120.632605,3,10994.000000,14
1,0,8,1,5,4,45510.000000,12156.000000,137.223358,32223.000000,120.632605,3,10990.000000,14
1,0,8,1,5,4,45510.000000,12076.000000,137.223358,32062.000000,120.632605,3,11145.000000,14
1,0,8,1,5,4,45510.000000,12219.000000,137.223358,31788.000000,120.632605,3,10988.000000,14
1,0,8,1,5,4,45510.000000,11908.000000,137.223358,32035.000000,120.632605,3,11021.000000,14
1,1,8,1,5,4,50521.000000,16701.000000,137.223358,114844.000000,104.838438,6,86751.000000,96
1,1,8,1,5,4,50521.000000,14489.000000,137.223358,109844.000000,104.838438,6,85013.000000,96
1,1,8,1,5,4,50521.000000,13989.000000,137.223358,108518.000000,104.838438,6,84704.000000,96
1,1,8,1,5,4,50521.000000,13463.000000,137.223358,108822.000000,104.838438,6,85197.000000,96
1,1,8,1,5,4,50521.000000,13284.000000,137.223358,108297.000000,104.838438,6,85007.000000,96
1,1,8,1,5,4,50521.000000,13393.000000,137.223358,108880.000000,104.838438,6,85186.000000,96
1,1,8,1,5,4,50521.000000,13034.000000,137.223358,108209.000000,104.838438,6,85204.000000,96
1,1,8,1,5,4,50521.000000,12962.000000,137.223358,108062.000000,104.838438,6,85014.000000,96
1,1,8,1,5,4,50521.000000,13123.000000,137.223358,107483.000000,104.838438,6,84616.000000,96
1,1,8,1,5,4,50521.000000,13095.000000,137.223358,108495.000000,104.838438,6,85280.000000,96
1,0,8,1,5,4,70129.000000,21633.000000,129.048044,71670.000000,113.212574,4,35746.000000,31
1,0,8,1,5,4,70129.000000,18654.000000,129.048044,67157.000000,113.212574,4,35198.000000,31
1,0,8,1,5,4,70129.000000,17751.000000,129.048044,65278.000000,113.212574,4,34502.000000,31
1,0,8,1,5,4,70129.000000,17389.000000,129.048044,65648.000000,113.212574,4,34864.000000,31
1,0,8,1,5,4,70129.000000,17186.000000,129.048044,64757.000000,113.212574,4,34647.000000,31
1,0,8,1,5,4,70129.000000,17143.000000,129.048044,65528.000000,113.212574,4,34397.000000,31
1,0,8,1,5,4,70129.000000,17115.000000,129.048044,64200.000000,113.212574,4,34273.000000,31
1,0,8,1,5,4,70129.000000,16692.000000,129.048044,64107.000000,113.212574,4,34316.000000,31
1,0,8,1,5,4,70129.000000,17774.000000,129.048044,29789.000000,113.212574,4,15786.000000,31
1,0,8,1,5,4,70129.000000,7752.000000,129.048044,29510.000000,113.212574,4,15736.000000,31
1,1,8,1,5,4,55912.000000,16686.000000,129.048044,66128.000000,122.355418,4,41512.000000,54
1,1,8,1,5,4,55912.000000,8640.000000,129.048044,52068.000000,122.355418,4,29459.000000,54
1,1,8,1,5,4,55912.000000,9040.000000,129.048044,58542.000000,122.355418,4,41721.000000,54
1,1,8,1,5,4,55912.000000,8433.000000,129.048044,57676.000000,122.355418,4,42124.000000,54
1,1,8,1,5,4,55912.000000,8183.000000,129.048044,69657.000000,122.355418,4,54032.000000,54
1,1,8,1,5,4,55912.000000,8374.000000,129.048044,69025.000000,122.355418,4,52888.000000,54
1,1,8,1,5,4,55912.000000,8587.000000,129.048044,72507.000000,122.355418,4,48563.000000,54
1,1,8,1,5,4,55912.000000,13380.000000,129.048044,44699.000000,122.355418,4,30151.000000,54
1,1,8,1,5,4,55912.000000,8276.000000,129.048044,45081.000000,122.355418,4,30541.000000,54
1,1,8,1,5,4,55912.000000,8771.000000,129.048044,61953.000000,122.355418,4,45317.000000,54
1,0,8,1,5,4,32456.000000,10414.000000,141.906108,22443.000000,141.906108,0,6124.000000,10
1,0,8,1,5,4,32456.000000,8059.000000,141.906108,20082.000000,141.906108,0,5865.000000,10
1,0,8,1,5,4,32456.000000,7959.000000,141.906108,19606.000000,141.906108,0,5844.000000,10
1,0,8,1,5,4,32456.000000,7716.000000,141.906108,19227.000000,141.906108,0,5821.000000,10
1,0,8,1,5,4,32456.000000,7618.000000,141.906108,18855.000000,141.906108,0,5752.000000,10
1,0,8,1,5,4,32456.000000,7408.000000,141.906108,18923.000000,141.906108,0,5835.000000,10
1,0,8,1,5,4,32456.000000,7394.000000,141.906108,18763.000000,141.906108,0,5758.000000,10
1,0,8,1,5,4,32456.000000,7439.000000,141.906108,19590.000000,141.906108,0,5991.000000,10
1,0,8,1,5,4,32456.000000,7734.000000,141.906108,19286.000000,141.906108,0,5958.000000,10
1,0,8,1,5,4,32456.000000,7534.000000,141.906108,19304.000000,141.906108,0,5930.000000,10
1,1,8,1,5,4,71110.000000,21806.000000,141.906108,87386.000000,119.868273,3,51204.000000,41
1,1,8,1,5,4,71110.000000,18729.000000,141.906108,81919.000000,119.868273,3,49279.000000,41
1,1,8,1,5,4,71110.000000,18013.000000,141.906108,80185.000000,119.868273,3,49368.000000,41
1,1,8,1,5,4,71110.000000,17248.000000,141.906108,79477.000000,119.868273,3,48605.000000,41
1,1,8,1,5,4,71110.000000,17041.000000,141.906108,79351.000000,119.868273,3,48801.000000,41
1,1,8,1,5,4,71110.000000,16935.000000,141.906108,78993.000000,119.868273,3,48614.000000,41
1,1,8,1,5,4,71110.000000,24946.000000,141.906108,36121.000000,119.868273,3,22281.000000,41
1,1,8,1,5,4,71110.000000,7794.000000,141.906108,36198.000000,119.868273,3,22432.000000,41
1,1,8,1,5,4,71110.000000,7773.000000,141.906108,36157.000000,119.868273,3,22349.000000,41
1,1,8,1,5,4,71110.000000,7686.000000,141.906108,36080.000000,119.868273,3,22375.000000,41
1,0,8,1,5,4,69923.000000,22250.000000,145.259095,51928.000000,133.091428,1,16254.000000,13
1,0,8,1,5,4,69923.000000,18063.000000,145.259095,47194.000000,133.091428,1,15774.000000,13
1,0,8,1,5,4,69923.000000,17737.000000,145.259095,45902.000000,133.091428,1,15400.000000,13
1,0,8,1,5,4,69923.000000,17502.000000,145.259095,45376.000000,133.091428,1,15384.000000,13
1,0,8,1,5,4,69923.000000,17100.000000,145.259095,46070.000000,133.091428,1,15312.000000,13
1,0,8,1,5,4,69923.000000,17175.000000,145.259095,45461.000000,133.091428,1,15459.000000,13
1,0,8,1,5,4,69923.000000,17028.000000,145.259095,45236.000000,133.091428,1,15327.000000,13
1,0,8,1,5,4,69923.000000,17426.000000,145.259095,44316.000000,133.091428,1,15390.000000,13
1,0,8,1,5,4,69923.000000,16998.000000,145.259095,44910.000000,133.091428,1,15421.000000,13
1,0,8,1,5,4,69923.000000,16835.000000,145.259095,44923.000000,133.091428,1,15529.000000,13
1,1,8,1,5,4,37724.000000,13246.000000,145.259095,73963.000000,115.426131,8,52263.000000,92
1,1,8,1,5,4,37724.000000,10751.000000,145.259095,102263.000000,115.426131,8,71683.000000,92
1,1,8,1,5,4,37724.000000,11137.000000,145.259095,79939.000000,115.426131,8,60506.000000,92
1,1,8,1,5,4,37724.000000,10544.000000,145.259095,78849.000000,115.426131,8,60580.000000,92
1,1,8,1,5,4,37724.000000,10208.000000,145.259095,78637.000000,115.426131,8,60735.000000,92
1,1,8,1,5,4,37724.000000,9752.000000,145.259095,104386.000000,115.426131,8,82348.000000,92
1,1,8,1,5,4,37724.000000,16878.000000,145.259095,140738.000000,115.426131,8,109515.000000,92
1,1,8,1,5,4,37724.000000,16777.000000,145.259095,139894.000000,115.426131,8,109919.000000,92
1,1,8,1,5,4,37724.000000,17068.000000,145.259095,140382.000000,115.426131,8,109975.000000,92
1,1,8,1,5,4,37724.000000,16940.000000,145.259095,139442.000000,115.426131,8,109762.000000,92
1,0,8,1,5,4,72907.000000,22255.000000,153.594863,57931.000000,148.178926,2,21743.000000,18
1,0,8,1,5,4,72907.000000,18855.000000,153.594863,52830.000000,148.178926,2,20974.000000,18
1,0,8,1,5,4,72907.000000,17617.000000,153.594863,51592.000000,148.178926,2,20692.000000,18
1,0,8,1,5,4,72907.000000,17348.000000,153.594863,51532.000000,148.178926,2,20634.000000,18
1,0,8,1,5,4,72907.000000,16928.000000,153.594863,50873.000000,148.178926,2,20761.000000,18
1,0,8,1,5,4,72907.000000,16865.000000,153.594863,50853.000000,148.178926,2,20704.000000,18
1,0,8,1,5,4,72907.000000,16692.000000,153.594863,50465.000000,148.178926,2,20525.000000,18
1,0,8,1,5,4,72907.000000,16810.000000,153.594863,64343.000000,148.178926,2,33947.000000,18
1,0,8,1,5,4,72907.000000,17013.000000,153.594863,50838.000000,148.178926,2,20749.000000,18
1,0,8,1,5,4,72907.000000,16798.000000,153.594863,50715.000000,148.178926,2,20663.000000,18
1,1,8,1,5,4,70417.000000,21696.000000,153.594863,150810.000000,116.934501,11,109723.000000,88
1,1,8,1,5,4,70417.000000,18694.000000,153.594863,156470.000000,116.934501,11,122139.000000,88
1,1,8,1,5,4,70417.000000,18231.000000,153.594863,139863.000000,116.934501,11,107187.000000,88
1,1,8,1,5,4,70417.000000,17721.000000,153.594863,138824.000000,116.934501,11,107245.000000,88
1,1,8,1,5,4,70417.000000,16767.000000,153.594863,137901.000000,116.934501,11,107508.000000,88
1,1,8,1,5,4,70417.000000,16712.000000,153.594863,138886.000000,116.934501,11,107603.000000,88
1,1,8,1,5,4,70417.000000,16968.000000,153.594863,138130.000000,116.934501,11,107492.000000,88
1,1,8,1,5,4,70417.000000,16987.000000,153.594863,138122.000000,116.934501,11,107104.000000,88
1,1,8,1,5,4,70417.000000,17103.000000,153.594863,138535.000000,116.934501,11,107333.000000,88
1,1,8,1,5,4,70417.000000,16724.000000,153.594863,137486.000000,116.934501,11,107033.000000,88
1,0,9,1,6,5,51692.000000,16351.000000,225.160136,51673.000000,202.735857,5,27192.000000,43
1,0,9,1,6,5,51692.000000,14275.000000,225.160136,47804.000000,202.735857,5,26750.000000,43
1,0,9,1,6,5,51692.000000,11985.000000,225.160136,44324.000000,202.735857,5,26257.000000,43
1,0,9,1,6,5,51692.000000,11833.000000,225.160136,44928.000000,202.735857,5,26303.000000,43
1,0,9,1,6,5,51692.000000,11519.000000,225.160136,80031.000000,202.735857,5,47619.000000,43
1,0,9,1,6,5,51692.000000,20198.000000,225.160136,79326.000000,202.735857,5,47491.000000,43
1,0,9,1,6,5,51692.000000,20859.000000,225.160136,79933.000000,202.735857,5,47350.000000,43
1,0,9,1,6,5,51692.000000,20135.000000,225.160136,78667.000000,202.735857,5,46908.000000,43
1,0,9,1,6,5,51692.000000,19060.000000,225.160136,79146.000000,202.735857,5,47268.000000,43
1,0,9,1,6,5,51692.000000,20253.000000,225.160136,78963.000000,202.735857,5,47294.000000,43
1,1,9,1,6,5,79888.000000,24304.000000,225.160136,133407.000000,167.168002,6,90877.000000,69
1,1,9,1,6,5,79888.000000,21724.000000,225.160136,123785.000000,167.168002,6,89566.000000,69
1,1,9,1,6,5,79888.000000,20625.000000,225.160136,122002.000000,167.168002,6,89171.000000,69
1,1,9,1,6,5,79888.000000,19837.000000,225.160136,121948.000000,167.168002,6,89246.000000,69
1,1,9,1,6,5,79888.000000,20831.000000,225.160136,121881.000000,167.168002,6,89186.000000,69
1,1,9,1,6,5,79888.000000,20579.000000,225.160136,120856.000000,167.168002,6,88530.000000,69
1,1,9,1,6,5,79888.000000,20405.000000,225.160136,121031.000000,167.168002,6,89193.000000,69
1,1,9,1,6,5,79888.000000,20138.000000,225.160136,120981.000000,167.168002,6,89145.000000,69
1,1,9,1,6,5,79888.000000,19567.000000,225.160136,139275.000000,167.168002,6,106550.000000,69
1,1,9,1,6,5,79888.000000,9039.000000,225.160136,55448.000000,167.168002,6,40625.000000,69
1,0,9,1,6,5,78246.000000,24041.000000,213.311261,64728.000000,166.016017,4,41116.000000,40
1,0,9,1,6,5,78246.000000,9605.000000,213.311261,58586.000000,166.016017,4,36913.000000,40
1,0,9,1,6,5,78246.000000,9023.000000,213.311261,61226.000000,166.016017,4,39772.000000,40
1,0,9,1,6,5,78246.000000,9266.000000,213.311261,60250.000000,166.016017,4,39044.000000,40
1,0,9,1,6,5,78246.000000,20172.000000,213.311261,76813.000000,166.016017,4,44698.000000,40
1,0,9,1,6,5,78246.000000,35626.000000,213.311261,76864.000000,166.016017,4,44797.000000,40
1,0,9,1,6,5,78246.000000,19864.000000,213.311261,75414.000000,166.016017,4,44584.000000,40
1,0,9,1,6,5,78246.000000,19739.000000,213.311261,75481.000000,166.016017,4,44785.000000,40
1,0,9,1,6,5,78246.000000,19754.000000,213.311261,62308.000000,166.016017,4,30220.000000,40
1,0,9,1,6,5,78246.000000,8806.000000,213.311261,35532.000000,166.016017,4,20375.000000,40
1,1,9,1,6,5,48833.000000,14089.000000,213.311261,104602.000000,177.921778,3,66227.000000,48
1,1,9,1,6,5,48833.000000,21373.000000,213.311261,95194.000000,177.921778,3,61747.000000,48
1,1,9,1,6,5,48833.000000,20401.000000,213.311261,93758.000000,177.921778,3,61544.000000,48
1,1,9,1,6,5,48833.000000,19511.000000,213.311261,92984.000000,177.921778,3,61396.000000,48
1,1,9,1,6,5,48833.000000,19386.000000,213.311261,92716.000000,177.921778,3,61440.000000,48
1,1,9,1,6,5,48833.000000,19205.000000,213.311261,91742.000000,177.921778,3,61526.000000,48
1,1,9,1,6,5,48833.000000,19267.000000,213.311261,101756.000000,177.921778,3,69890.000000,48
1,1,9,1,6,5,48833.000000,19411.000000,213.311261,91974.000000,177.921778,3,61458.000000,48
1,1,9,1,6,5,48833.000000,19376.000000,213.311261,92726.000000,177.921778,3,61516.000000,48
1,1,9,1,6,5,48833.000000,19125.000000,213.311261,92836.000000,177.921778,3,61643.000000,48
1,0,9,1,6,5,82533.000000,24757.000000,242.730706,92068.000000,205.603846,4,53906.000000,47
1,0,9,1,6,5,82533.000000,21498.000000,242.730706,86660.000000,205.603846,4,52971.000000,47
1,0,9,1,6,5,82533.000000,20633.000000,242.730706,85329.000000,205.603846,4,53029.000000,47
1,0,9,1,6,5,82533.000000,20037.000000,242.730706,85342.000000,205.603846,4,52770.000000,47
1,0,9,1,6,5,82533.000000,21187.000000,242.730706,85315.000000,205.603846,4,52868.000000,47
1,0,9,1,6,5,82533.000000,20443.000000,242.730706,84695.000000,205.603846,4,53067.000000,47
1,0,9,1,6,5,82533.000000,20418.000000,242.730706,84540.000000,205.603846,4,52967.000000,47
1,0,9,1,6,5,82533.000000,20295.000000,242.730706,84566.000000,205.603846,4,52968.000000,47
1,0,9,1,6,5,82533.000000,19473.000000,242.730706,93536.000000,205.603846,4,60700.000000,47
1,0,9,1,6,5,82533.000000,20954.000000,242.730706,83929.000000,205.603846,4,52662.000000,47
1,1,9,1,6,5,79765.000000,24658.000000,242.730706,154170.000000,211.351137,7,116084.000000,90
1,1,9,1,6,5,79765.000000,21635.000000,242.730706,147811.000000,211.351137,7,114190.000000,90
1,1,9,1,6,5,79765.000000,20275.000000,242.730706,146569.000000,211.351137,7,113545.000000,90
1,1,9,1,6,5,79765.000000,19794.000000,242.730706,147407.000000,211.351137,7,113905.000000,90
1,1,9,1,6,5,79765.000000,20939.000000,242.730706,146914.000000,211.351137,7,114410.000000,90
1,1,9,1,6,5,79765.000000,20217.000000,242.730706,146343.000000,211.351137,7,114263.000000,90
1,1,9,1,6,5,79765.000000,19709.000000,242.730706,145556.000000,211.351137,7,113729.000000,90
1,1,9,1,6,5,79765.000000,19994.000000,242.730706,145561.000000,211.351137,7,113600.000000,90
1,1,9,1,6,5,79765.000000,19130.000000,242.730706,145656.000000,211.351137,7,113683.000000,90
1,1,9,1,6,5,79765.000000,20132.000000,242.730706,145621.000000,211.351137,7,114200.000000,90
1,0,9,1,6,5,48351.000000,13833.000000,172.299071,81531.000000,168.126727,2,43536.000000,36
1,0,9,1,6,5,48351.000000,22096.000000,172.299071,76470.000000,168.126727,2,42559.000000,36
1,0,9,1,6,5,48351.000000,20596.000000,172.299071,75721.000000,168.126727,2,43001.000000,36
1,0,9,1,6,5,48351.000000,20315.000000,172.299071,75393.000000,168.126727,2,42357.000000,36
1,0,9,1,6,5,48351.000000,21280.000000,172.299071,74836.000000,168.126727,2,42720.000000,36
1,0,9,1,6,5,48351.000000,20897.000000,172.299071,74501.000000,168.126727,2,42573.000000,36
1,0,9,1,6,5,48351.000000,20879.000000,172.299071,81088.000000,168.126727,2,42497.000000,36
1,0,9,1,6,5,48351.000000,20839.000000,172.299071,73876.000000,168.126727,2,41917.000000,36
1,0,9,1,6,5,48351.000000,20137.000000,172.299071,74390.000000,168.126727,2,42361.000000,36
1,0,9,1,6,5,48351.000000,20834.000000,172.299071,74105.000000,168.126727,2,42493.000000,36
1,1,9,1,6,5,55342.000000,16943.000000,172.299071,98302.000000,147.204078,5,72392.000000,81
1,1,9,1,6,5,55342.000000,14726.000000,172.299071,94254.000000,147.204078,5,71203.000000,81
1,1,9,1,6,5,55342.000000,14000.000000,172.299071,93432.000000,147.204078,5,70888.000000,81
1,1,9,1,6,5,55342.000000,13550.000000,172.299071,92829.000000,147.204078,5,70614.000000,81
1,1,9,1,6,5,55342.000000,14098.000000,172.299071,92692.000000,147.204078,5,70768.000000,81
1,1,9,1,6,5,55342.000000,21207.000000,172.299071,134273.000000,147.204078,5,101998.000000,81
1,1,9,1,6,5,55342.000000,19932.000000,172.299071,132638.000000,147.204078,5,101828.000000,81
1,1,9,1,6,5,55342.000000,20253.000000,172.299071,132738.000000,147.204078,5,102167.000000,81
1,1,9,1,6,5,55342.000000,18837.000000,172.299071,133461.000000,147.204078,5,101759.000000,81
1,1,9,1,6,5,55342.000000,19132.000000,172.299071,133627.000000,147.204078,5,102394.000000,81
1,0,9,1,6,5,78111.000000,24021.000000,241.669537,59983.000000,224.049080,1,23081.000000,19
1,0,9,1,6,5,78111.000000,21490.000000,241.669537,55995.000000,224.049080,1,22738.000000,19
1,0,9,1,6,5,78111.000000,20140.000000,241.669537,54214.000000,224.049080,1,22130.000000,19
1,0,9,1,6,5,78111.000000,19706.000000,241.669537,54328.000000,224.049080,1,22405.000000,19
1,0,9,1,6,5,78111.000000,20448.000000,241.669537,54188.000000,224.049080,1,22394.000000,19
1,0,9,1,6,5,78111.000000,20130.000000,241.669537,53511.000000,224.049080,1,22279.000000,19
1,0,9,1,6,5,78111.000000,20325.000000,241.669537,53494.000000,224.049080,1,22355.000000,19
1,0,9,1,6,5,78111.000000,20683.000000,241.669537,24131.000000,224.049080,1,9805.000000,19
1,0,9,1,6,5,78111.000000,8452.000000,241.669537,23801.000000,224.049080,1,9835.000000,19
1,0,9,1,6,5,78111.000000,8956.000000,241.669537,23603.000000,224.049080,1,9963.000000,19
1,1,9,1,6,5,49893.000000,15521.000000,241.669537,79716.000000,184.483400,10,53914.000000,71
1,1,9,1,6,5,49893.000000,14010.000000,241.669537,78749.000000,184.483400,10,59565.000000,71
1,1,9,1,6,5,49893.000000,10463.000000,241.669537,107659.000000,184.483400,10,85178.000000,71
1,1,9,1,6,5,49893.000000,9212.000000,241.669537,107613.000000,184.483400,10,85081.000000,71
1,1,9,1,6,5,49893.000000,8940.000000,241.669537,109599.000000,184.483400,10,87364.000000,71
1,1,9,1,6,5,49893.000000,9524.000000,241.669537,110585.000000,184.483400,10,88792.000000,71
1,1,9,1,6,5,49893.000000,8926.000000,241.669537,110565.000000,184.483400,10,88965.000000,71
1,1,9,1,6,5,49893.000000,8773.000000,241.669537,109805.000000,184.483400,10,88180.000000,71
1,1,9,1,6,5,49893.000000,8970.000000,241.669537,110916.000000,184.483400,10,89657.000000,71
1,1,9,1,6,5,49893.000000,9076.000000,241.669537,109161.000000,184.483400,10,87875.000000,71
